YearStart,YearEnd,LocationAbbr,LocationDesc,DataSource,Topic,Question,Response,DataValueType,DataValue,DataValueAlt,DataValueFootnoteSymbol,DatavalueFootnote,LowConfidenceLimit,HighConfidenceLimit,StratificationCategory1,Stratification1,LocationID,TopicID,QuestionID,DataValueTypeID,StratificationCategoryID1,StratificationID1
2017,2017,WA,Washington,NVSS,Asthma,Asthma mortality rate,,Age-adjusted Rate,13.0,13,,,10.4,15.5,Overall,Overall,53,AST,AST4_1,AGEADJRATE,OVERALL,OVR
2017,2017,CO,Colorado,NVSS,Asthma,Asthma mortality rate,,Number,46,46,,,,,Overall,Overall,8,AST,AST4_1,NMBR,OVERALL,OVR
2017,2017,ID,Idaho,NVSS,Asthma,Asthma mortality rate,,Number,27,27,,,,,Overall,Overall,16,AST,AST4_1,NMBR,OVERALL,OVR
2017,2017,PR,Puerto Rico,BRFSS,Asthma,Current asthma prevalence among adults aged >= 18 years,,Age-adjusted Prevalence,12.3,12.3,,,11,13.7,Overall,Overall,72,AST,AST1_1,AGEADJPREV,OVERALL,OVR
2017,2017,WA,Washington,NVSS,Asthma,Asthma mortality rate,,Number,105,105,,,,,Overall,Overall,53,AST,AST4_1,NMBR,OVERALL,OVR
2017,2017,OK,Oklahoma,BRFSS,Asthma,Current asthma prevalence among adults aged >= 18 years,,Crude Prevalence,9.6,9.6,,,8.8,10.6,Overall,Overall,40,AST,AST1_1,CRDPREV,OVERALL,OVR
2017,2017,IN,Indiana,NVSS,Asthma,Asthma mortality rate,,Number,78,78,,,,,Overall,Overall,18,AST,AST4_1,NMBR,OVERALL,OVR
2017,2017,WA,Washington,BRFSS,Asthma,Current asthma prevalence among adults aged >= 18 years,,Age-adjusted Prevalence,10.7,10.7,,,9.9,11.4,Overall,Overall,53,AST,AST1_1,AGEADJPREV,OVERALL,OVR
2017,2017,FL,Florida,NVSS,Asthma,Asthma mortality rate,,Age-adjusted Rate,7.0,7,,,6,8.1,Overall,Overall,12,AST,AST4_1,AGEADJRATE,OVERALL,OVR
2017,2017,MD,Maryland,NVSS,Asthma,Asthma mortality rate,,Number,68,68,,,,,Overall,Overall,24,AST,AST4_1,NMBR,OVERALL,OVR
2017,2017,MS,Mississippi,NVSS,Asthma,Asthma mortality rate,,Number,47,47,,,,,Overall,Overall,28,AST,AST4_1,NMBR,OVERALL,OVR
2017,2017,NV,Nevada,NVSS,Asthma,Asthma mortality rate,,Crude Rate,10.7,10.7,,,7.3,15.1,Overall,Overall,32,AST,AST4_1,CRDRATE,OVERALL,OVR
2017,2017,AL,Alabama,NVSS,Asthma,Asthma mortality rate,,Number,74,74,,,,,Overall,Overall,1,AST,AST4_1,NMBR,OVERALL,OVR
2017,2017,NM,New Mexico,NVSS,Asthma,Asthma mortality rate,,Number,41,41,,,,,Overall,Overall,35,AST,AST4_1,NMBR,OVERALL,OVR
2017,2017,US,United States,BRFSS,Asthma,Current asthma prevalence among adults aged >= 18 years,,Crude Prevalence,9.4,9.4,*,50 States + DC: US Median,9.1,9.9,Overall,Overall,59,AST,AST1_1,CRDPREV,OVERALL,OVR
2017,2017,MI,Michigan,NVSS,Asthma,Asthma mortality rate,,Number,119,119,,,,,Overall,Overall,26,AST,AST4_1,NMBR,OVERALL,OVR
2017,2017,US,United States,NVSS,Asthma,Asthma mortality rate,,Number,3564,"3,564",,,,,Overall,Overall,59,AST,AST4_1,NMBR,OVERALL,OVR
2017,2017,NY,New York,NVSS,Asthma,Asthma mortality rate,,Number,256,256,,,,,Overall,Overall,36,AST,AST4_1,NMBR,OVERALL,OVR
2017,2017,AR,Arkansas,NVSS,Asthma,Asthma mortality rate,,Crude Rate,10.7,10.7,,,7.3,15,Overall,Overall,5,AST,AST4_1,CRDRATE,OVERALL,OVR
2017,2017,GA,Georgia,NVSS,Asthma,Asthma mortality rate,,Crude Rate,10.4,10.4,,,8.4,12.3,Overall,Overall,13,AST,AST4_1,CRDRATE,OVERALL,OVR
2017,2017,FL,Florida,NVSS,Asthma,Asthma mortality rate,,Crude Rate,8.5,8.5,,,7.3,9.8,Overall,Overall,12,AST,AST4_1,CRDRATE,OVERALL,OVR
2017,2017,NM,New Mexico,NVSS,Asthma,Asthma mortality rate,,Age-adjusted Rate,18.2,18.2,,,12.9,25,Overall,Overall,35,AST,AST4_1,AGEADJRATE,OVERALL,OVR
2017,2017,OH,Ohio,NVSS,Asthma,Asthma mortality rate,,Number,135,135,,,,,Overall,Overall,39,AST,AST4_1,NMBR,OVERALL,OVR
2017,2017,NV,Nevada,NVSS,Asthma,Asthma mortality rate,,Age-adjusted Rate,9.5,9.5,,,6.4,13.5,Overall,Overall,32,AST,AST4_1,AGEADJRATE,OVERALL,OVR
2017,2017,SC,South Carolina,NVSS,Asthma,Asthma mortality rate,,Crude Rate,13.7,13.7,,,10.7,17.4,Overall,Overall,45,AST,AST4_1,CRDRATE,OVERALL,OVR
2017,2017,MI,Michigan,NVSS,Asthma,Asthma mortality rate,,Crude Rate,11.9,11.9,,,9.8,14.1,Overall,Overall,26,AST,AST4_1,CRDRATE,OVERALL,OVR
2017,2017,WY,Wyoming,BRFSS,Asthma,Current asthma prevalence among adults aged >= 18 years,,Age-adjusted Prevalence,9.2,9.2,,,8.1,10.4,Overall,Overall,56,AST,AST1_1,AGEADJPREV,OVERALL,OVR
2017,2017,NY,New York,NVSS,Asthma,Asthma mortality rate,,Crude Rate,12.9,12.9,,,11.3,14.5,Overall,Overall,36,AST,AST4_1,CRDRATE,OVERALL,OVR
2017,2017,RI,Rhode Island,NVSS,Asthma,Asthma mortality rate,,Number,,,~,Data not shown because of too few respondents or cases,,,Overall,Overall,44,AST,AST4_1,NMBR,OVERALL,OVR
2017,2017,LA,Louisiana,BRFSS,Asthma,Current asthma prevalence among adults aged >= 18 years,,Crude Prevalence,9.0,9,,,7.9,10.2,Overall,Overall,22,AST,AST1_1,CRDPREV,OVERALL,OVR
2017,2017,MT,Montana,NVSS,Asthma,Asthma mortality rate,,Number,,,~,Data not shown because of too few respondents or cases,,,Overall,Overall,30,AST,AST4_1,NMBR,OVERALL,OVR
2017,2017,CO,Colorado,BRFSS,Asthma,Current asthma prevalence among adults aged >= 18 years,,Crude Prevalence,9.3,9.3,,,8.6,10.1,Overall,Overall,8,AST,AST1_1,CRDPREV,OVERALL,OVR
2017,2017,DE,Delaware,NVSS,Asthma,Asthma mortality rate,,Crude Rate,,,~,Data not shown because of too few respondents or cases,,,Overall,Overall,10,AST,AST4_1,CRDRATE,OVERALL,OVR
2017,2017,SC,South Carolina,BRFSS,Asthma,Current asthma prevalence among adults aged >= 18 years,,Age-adjusted Prevalence,9.0,9,,,8.2,9.8,Overall,Overall,45,AST,AST1_1,AGEADJPREV,OVERALL,OVR
2017,2017,FL,Florida,BRFSS,Asthma,Current asthma prevalence among adults aged >= 18 years,,Crude Prevalence,7.5,7.5,,,6.8,8.3,Overall,Overall,12,AST,AST1_1,CRDPREV,OVERALL,OVR
2017,2017,WI,Wisconsin,NVSS,Asthma,Asthma mortality rate,,Number,59,59,,,,,Overall,Overall,55,AST,AST4_1,NMBR,OVERALL,OVR
2017,2017,SD,South Dakota,BRFSS,Asthma,Current asthma prevalence among adults aged >= 18 years,,Age-adjusted Prevalence,7.2,7.2,,,6.2,8.5,Overall,Overall,46,AST,AST1_1,AGEADJPREV,OVERALL,OVR
2017,2017,CT,Connecticut,NVSS,Asthma,Asthma mortality rate,,Crude Rate,10.6,10.6,,,7.5,14.5,Overall,Overall,9,AST,AST4_1,CRDRATE,OVERALL,OVR
2017,2017,HI,Hawaii,NVSS,Asthma,Asthma mortality rate,,Number,24,24,,,,,Overall,Overall,15,AST,AST4_1,NMBR,OVERALL,OVR
2017,2017,VA,Virginia,BRFSS,Asthma,Current asthma prevalence among adults aged >= 18 years,,Age-adjusted Prevalence,8.8,8.8,,,8,9.7,Overall,Overall,51,AST,AST1_1,AGEADJPREV,OVERALL,OVR
2017,2017,AZ,Arizona,NVSS,Asthma,Asthma mortality rate,,Age-adjusted Rate,11.7,11.7,,,9.3,14.4,Overall,Overall,4,AST,AST4_1,AGEADJRATE,OVERALL,OVR
2017,2017,VA,Virginia,BRFSS,Asthma,Current asthma prevalence among adults aged >= 18 years,,Crude Prevalence,8.9,8.9,,,8.1,9.7,Overall,Overall,51,AST,AST1_1,CRDPREV,OVERALL,OVR
2017,2017,RI,Rhode Island,NVSS,Asthma,Asthma mortality rate,,Crude Rate,,,~,Data not shown because of too few respondents or cases,,,Overall,Overall,44,AST,AST4_1,CRDRATE,OVERALL,OVR
2017,2017,ME,Maine,BRFSS,Asthma,Current asthma prevalence among adults aged >= 18 years,,Age-adjusted Prevalence,11.2,11.2,,,10.2,12.3,Overall,Overall,23,AST,AST1_1,AGEADJPREV,OVERALL,OVR
2017,2017,MN,Minnesota,BRFSS,Asthma,Current asthma prevalence among adults aged >= 18 years,,Age-adjusted Prevalence,7.3,7.3,,,6.8,7.9,Overall,Overall,27,AST,AST1_1,AGEADJPREV,OVERALL,OVR
2017,2017,MD,Maryland,NVSS,Asthma,Asthma mortality rate,,Crude Rate,11.2,11.2,,,8.7,14.2,Overall,Overall,24,AST,AST4_1,CRDRATE,OVERALL,OVR
2017,2017,IL,Illinois,BRFSS,Asthma,Current asthma prevalence among adults aged >= 18 years,,Age-adjusted Prevalence,8.2,8.2,,,7.3,9.2,Overall,Overall,17,AST,AST1_1,AGEADJPREV,OVERALL,OVR
2017,2017,MT,Montana,NVSS,Asthma,Asthma mortality rate,,Age-adjusted Rate,,,~,Data not shown because of too few respondents or cases,,,Overall,Overall,30,AST,AST4_1,AGEADJRATE,OVERALL,OVR
2017,2017,DE,Delaware,NVSS,Asthma,Asthma mortality rate,,Number,,,~,Data not shown because of too few respondents or cases,,,Overall,Overall,10,AST,AST4_1,NMBR,OVERALL,OVR
2017,2017,IN,Indiana,BRFSS,Asthma,Current asthma prevalence among adults aged >= 18 years,,Age-adjusted Prevalence,10.0,10,,,9.3,10.7,Overall,Overall,18,AST,AST1_1,AGEADJPREV,OVERALL,OVR
2017,2017,AK,Alaska,BRFSS,Asthma,Current asthma prevalence among adults aged >= 18 years,,Crude Prevalence,8.4,8.4,,,6.9,10.3,Overall,Overall,2,AST,AST1_1,CRDPREV,OVERALL,OVR
2017,2017,RI,Rhode Island,BRFSS,Asthma,Current asthma prevalence among adults aged >= 18 years,,Age-adjusted Prevalence,12.3,12.3,,,11,13.8,Overall,Overall,44,AST,AST1_1,AGEADJPREV,OVERALL,OVR
2017,2017,PA,Pennsylvania,NVSS,Asthma,Asthma mortality rate,,Age-adjusted Rate,8.7,8.7,,,7.2,10.3,Overall,Overall,42,AST,AST4_1,AGEADJRATE,OVERALL,OVR
2017,2017,IA,Iowa,BRFSS,Asthma,Current asthma prevalence among adults aged >= 18 years,,Crude Prevalence,9.3,9.3,,,8.5,10.1,Overall,Overall,19,AST,AST1_1,CRDPREV,OVERALL,OVR
2017,2017,AR,Arkansas,BRFSS,Asthma,Current asthma prevalence among adults aged >= 18 years,,Age-adjusted Prevalence,9.7,9.7,,,8.3,11.3,Overall,Overall,5,AST,AST1_1,AGEADJPREV,OVERALL,OVR
2017,2017,ME,Maine,BRFSS,Asthma,Current asthma prevalence among adults aged >= 18 years,,Crude Prevalence,11.2,11.2,,,10.2,12.2,Overall,Overall,23,AST,AST1_1,CRDPREV,OVERALL,OVR
2017,2017,ND,North Dakota,NVSS,Asthma,Asthma mortality rate,,Number,,,~,Data not shown because of too few respondents or cases,,,Overall,Overall,38,AST,AST4_1,NMBR,OVERALL,OVR
2017,2017,WI,Wisconsin,BRFSS,Asthma,Current asthma prevalence among adults aged >= 18 years,,Age-adjusted Prevalence,9.7,9.7,,,8.6,10.9,Overall,Overall,55,AST,AST1_1,AGEADJPREV,OVERALL,OVR
2017,2017,LA,Louisiana,NVSS,Asthma,Asthma mortality rate,,Age-adjusted Rate,8.2,8.2,,,5.7,11.2,Overall,Overall,22,AST,AST4_1,AGEADJRATE,OVERALL,OVR
2017,2017,PA,Pennsylvania,BRFSS,Asthma,Current asthma prevalence among adults aged >= 18 years,,Crude Prevalence,10.1,10.1,,,9.2,11.2,Overall,Overall,42,AST,AST1_1,CRDPREV,OVERALL,OVR
2017,2017,AZ,Arizona,BRFSS,Asthma,Current asthma prevalence among adults aged >= 18 years,,Age-adjusted Prevalence,9.7,9.7,,,9.1,10.4,Overall,Overall,4,AST,AST1_1,AGEADJPREV,OVERALL,OVR
2017,2017,WA,Washington,NVSS,Asthma,Asthma mortality rate,,Crude Rate,14.2,14.2,,,11.5,16.9,Overall,Overall,53,AST,AST4_1,CRDRATE,OVERALL,OVR
2017,2017,TN,Tennessee,NVSS,Asthma,Asthma mortality rate,,Crude Rate,10.7,10.7,,,8.4,13.5,Overall,Overall,47,AST,AST4_1,CRDRATE,OVERALL,OVR
2017,2017,TX,Texas,NVSS,Asthma,Asthma mortality rate,,Age-adjusted Rate,8.3,8.3,,,7.2,9.3,Overall,Overall,48,AST,AST4_1,AGEADJRATE,OVERALL,OVR
2017,2017,NH,New Hampshire,BRFSS,Asthma,Current asthma prevalence among adults aged >= 18 years,,Age-adjusted Prevalence,13.5,13.5,,,12,15.1,Overall,Overall,33,AST,AST1_1,AGEADJPREV,OVERALL,OVR
2017,2017,MA,Massachusetts,NVSS,Asthma,Asthma mortality rate,,Crude Rate,10.4,10.4,,,8.1,13.1,Overall,Overall,25,AST,AST4_1,CRDRATE,OVERALL,OVR
2017,2017,MI,Michigan,BRFSS,Asthma,Current asthma prevalence among adults aged >= 18 years,,Age-adjusted Prevalence,10.8,10.8,,,10.1,11.7,Overall,Overall,26,AST,AST1_1,AGEADJPREV,OVERALL,OVR
2017,2017,MS,Mississippi,BRFSS,Asthma,Current asthma prevalence among adults aged >= 18 years,,Age-adjusted Prevalence,8.3,8.3,,,7.3,9.4,Overall,Overall,28,AST,AST1_1,AGEADJPREV,OVERALL,OVR
2017,2017,CA,California,NVSS,Asthma,Asthma mortality rate,,Age-adjusted Rate,9.3,9.3,,,8.4,10.3,Overall,Overall,6,AST,AST4_1,AGEADJRATE,OVERALL,OVR
2017,2017,KS,Kansas,NVSS,Asthma,Asthma mortality rate,,Crude Rate,14.8,14.8,,,10.7,19.9,Overall,Overall,20,AST,AST4_1,CRDRATE,OVERALL,OVR
2017,2017,NJ,New Jersey,NVSS,Asthma,Asthma mortality rate,,Age-adjusted Rate,11.0,11,,,8.9,13.1,Overall,Overall,34,AST,AST4_1,AGEADJRATE,OVERALL,OVR
2017,2017,VA,Virginia,NVSS,Asthma,Asthma mortality rate,,Age-adjusted Rate,7.5,7.5,,,5.8,9.5,Overall,Overall,51,AST,AST4_1,AGEADJRATE,OVERALL,OVR
2017,2017,MI,Michigan,NVSS,Asthma,Asthma mortality rate,,Age-adjusted Rate,10.3,10.3,,,8.4,12.2,Overall,Overall,26,AST,AST4_1,AGEADJRATE,OVERALL,OVR
2017,2017,AL,Alabama,BRFSS,Asthma,Current asthma prevalence among adults aged >= 18 years,,Crude Prevalence,10.9,10.9,,,9.9,12,Overall,Overall,1,AST,AST1_1,CRDPREV,OVERALL,OVR
2017,2017,NJ,New Jersey,NVSS,Asthma,Asthma mortality rate,,Crude Rate,12.2,12.2,,,9.9,14.5,Overall,Overall,34,AST,AST4_1,CRDRATE,OVERALL,OVR
2017,2017,OH,Ohio,BRFSS,Asthma,Current asthma prevalence among adults aged >= 18 years,,Crude Prevalence,9.9,9.9,,,9.1,10.8,Overall,Overall,39,AST,AST1_1,CRDPREV,OVERALL,OVR
2017,2017,AL,Alabama,NVSS,Asthma,Asthma mortality rate,,Age-adjusted Rate,13.7,13.7,,,10.7,17.3,Overall,Overall,1,AST,AST4_1,AGEADJRATE,OVERALL,OVR
2017,2017,SD,South Dakota,BRFSS,Asthma,Current asthma prevalence among adults aged >= 18 years,,Crude Prevalence,7.3,7.3,,,6.3,8.5,Overall,Overall,46,AST,AST1_1,CRDPREV,OVERALL,OVR
2017,2017,FL,Florida,BRFSS,Asthma,Current asthma prevalence among adults aged >= 18 years,,Age-adjusted Prevalence,7.5,7.5,,,6.7,8.4,Overall,Overall,12,AST,AST1_1,AGEADJPREV,OVERALL,OVR
2017,2017,KS,Kansas,BRFSS,Asthma,Current asthma prevalence among adults aged >= 18 years,,Crude Prevalence,9.1,9.1,,,8.6,9.6,Overall,Overall,20,AST,AST1_1,CRDPREV,OVERALL,OVR
2017,2017,MN,Minnesota,BRFSS,Asthma,Current asthma prevalence among adults aged >= 18 years,,Crude Prevalence,7.3,7.3,,,6.8,7.8,Overall,Overall,27,AST,AST1_1,CRDPREV,OVERALL,OVR
2017,2017,IN,Indiana,BRFSS,Asthma,Current asthma prevalence among adults aged >= 18 years,,Crude Prevalence,10.0,10,,,9.4,10.8,Overall,Overall,18,AST,AST1_1,CRDPREV,OVERALL,OVR
2017,2017,MI,Michigan,BRFSS,Asthma,Current asthma prevalence among adults aged >= 18 years,,Crude Prevalence,10.8,10.8,,,10.1,11.6,Overall,Overall,26,AST,AST1_1,CRDPREV,OVERALL,OVR
2017,2017,NY,New York,NVSS,Asthma,Asthma mortality rate,,Age-adjusted Rate,11.6,11.6,,,10.1,13,Overall,Overall,36,AST,AST4_1,AGEADJRATE,OVERALL,OVR
2017,2017,CA,California,NVSS,Asthma,Asthma mortality rate,,Number,399,399,,,,,Overall,Overall,6,AST,AST4_1,NMBR,OVERALL,OVR
2017,2017,ND,North Dakota,BRFSS,Asthma,Current asthma prevalence among adults aged >= 18 years,,Age-adjusted Prevalence,8.6,8.6,,,7.7,9.6,Overall,Overall,38,AST,AST1_1,AGEADJPREV,OVERALL,OVR
2017,2017,SD,South Dakota,NVSS,Asthma,Asthma mortality rate,,Crude Rate,,,~,Data not shown because of too few respondents or cases,,,Overall,Overall,46,AST,AST4_1,CRDRATE,OVERALL,OVR
2017,2017,NE,Nebraska,BRFSS,Asthma,Current asthma prevalence among adults aged >= 18 years,,Crude Prevalence,8.2,8.2,,,7.5,8.9,Overall,Overall,31,AST,AST1_1,CRDPREV,OVERALL,OVR
2017,2017,CA,California,BRFSS,Asthma,Current asthma prevalence among adults aged >= 18 years,,Crude Prevalence,7.9,7.9,,,7.2,8.7,Overall,Overall,6,AST,AST1_1,CRDPREV,OVERALL,OVR
2017,2017,IL,Illinois,NVSS,Asthma,Asthma mortality rate,,Crude Rate,11.6,11.6,,,9.8,13.5,Overall,Overall,17,AST,AST4_1,CRDRATE,OVERALL,OVR
2017,2017,NC,North Carolina,NVSS,Asthma,Asthma mortality rate,,Crude Rate,11.3,11.3,,,9.2,13.3,Overall,Overall,37,AST,AST4_1,CRDRATE,OVERALL,OVR
2017,2017,UT,Utah,NVSS,Asthma,Asthma mortality rate,,Number,31,31,,,,,Overall,Overall,49,AST,AST4_1,NMBR,OVERALL,OVR
2017,2017,MS,Mississippi,NVSS,Asthma,Asthma mortality rate,,Crude Rate,15.8,15.8,,,11.6,20.9,Overall,Overall,28,AST,AST4_1,CRDRATE,OVERALL,OVR
2017,2017,ID,Idaho,BRFSS,Asthma,Current asthma prevalence among adults aged >= 18 years,,Crude Prevalence,9.0,9,,,7.9,10.1,Overall,Overall,16,AST,AST1_1,CRDPREV,OVERALL,OVR
2017,2017,WV,West Virginia,NVSS,Asthma,Asthma mortality rate,,Age-adjusted Rate,10.6,10.6,,,6.6,16,Overall,Overall,54,AST,AST4_1,AGEADJRATE,OVERALL,OVR
2017,2017,VA,Virginia,NVSS,Asthma,Asthma mortality rate,,Number,71,71,,,,,Overall,Overall,51,AST,AST4_1,NMBR,OVERALL,OVR
2017,2017,MO,Missouri,BRFSS,Asthma,Current asthma prevalence among adults aged >= 18 years,,Crude Prevalence,9.4,9.4,,,8.5,10.4,Overall,Overall,29,AST,AST1_1,CRDPREV,OVERALL,OVR
2017,2017,KY,Kentucky,BRFSS,Asthma,Current asthma prevalence among adults aged >= 18 years,,Age-adjusted Prevalence,10.6,10.6,,,9.5,11.8,Overall,Overall,21,AST,AST1_1,AGEADJPREV,OVERALL,OVR
2017,2017,NM,New Mexico,NVSS,Asthma,Asthma mortality rate,,Crude Rate,19.6,19.6,,,14.1,26.6,Overall,Overall,35,AST,AST4_1,CRDRATE,OVERALL,OVR
2017,2017,MN,Minnesota,NVSS,Asthma,Asthma mortality rate,,Age-adjusted Rate,8.0,8,,,6,10.5,Overall,Overall,27,AST,AST4_1,AGEADJRATE,OVERALL,OVR
2017,2017,WA,Washington,BRFSS,Asthma,Current asthma prevalence among adults aged >= 18 years,,Crude Prevalence,10.6,10.6,,,9.9,11.3,Overall,Overall,53,AST,AST1_1,CRDPREV,OVERALL,OVR
2017,2017,AK,Alaska,NVSS,Asthma,Asthma mortality rate,,Number,,,~,Data not shown because of too few respondents or cases,,,Overall,Overall,2,AST,AST4_1,NMBR,OVERALL,OVR
2017,2017,ME,Maine,NVSS,Asthma,Asthma mortality rate,,Age-adjusted Rate,,,~,Data not shown because of too few respondents or cases,,,Overall,Overall,23,AST,AST4_1,AGEADJRATE,OVERALL,OVR
2017,2017,IA,Iowa,BRFSS,Asthma,Current asthma prevalence among adults aged >= 18 years,,Age-adjusted Prevalence,9.3,9.3,,,8.5,10.2,Overall,Overall,19,AST,AST1_1,AGEADJPREV,OVERALL,OVR
2017,2017,NJ,New Jersey,NVSS,Asthma,Asthma mortality rate,,Number,110,110,,,,,Overall,Overall,34,AST,AST4_1,NMBR,OVERALL,OVR
2017,2017,PA,Pennsylvania,NVSS,Asthma,Asthma mortality rate,,Number,132,132,,,,,Overall,Overall,42,AST,AST4_1,NMBR,OVERALL,OVR
2017,2017,ID,Idaho,BRFSS,Asthma,Current asthma prevalence among adults aged >= 18 years,,Age-adjusted Prevalence,9.0,9,,,8,10.2,Overall,Overall,16,AST,AST1_1,AGEADJPREV,OVERALL,OVR
2017,2017,NV,Nevada,BRFSS,Asthma,Current asthma prevalence among adults aged >= 18 years,,Crude Prevalence,10.4,10.4,,,9,11.9,Overall,Overall,32,AST,AST1_1,CRDPREV,OVERALL,OVR
2017,2017,AL,Alabama,NVSS,Asthma,Asthma mortality rate,,Crude Rate,15.2,15.2,,,11.9,19.1,Overall,Overall,1,AST,AST4_1,CRDRATE,OVERALL,OVR
2017,2017,NC,North Carolina,NVSS,Asthma,Asthma mortality rate,,Number,116,116,,,,,Overall,Overall,37,AST,AST4_1,NMBR,OVERALL,OVR
2017,2017,CO,Colorado,BRFSS,Asthma,Current asthma prevalence among adults aged >= 18 years,,Age-adjusted Prevalence,9.3,9.3,,,8.5,10,Overall,Overall,8,AST,AST1_1,AGEADJPREV,OVERALL,OVR
2017,2017,NV,Nevada,BRFSS,Asthma,Current asthma prevalence among adults aged >= 18 years,,Age-adjusted Prevalence,10.4,10.4,,,9,12.1,Overall,Overall,32,AST,AST1_1,AGEADJPREV,OVERALL,OVR
2017,2017,OK,Oklahoma,NVSS,Asthma,Asthma mortality rate,,Number,54,54,,,,,Overall,Overall,40,AST,AST4_1,NMBR,OVERALL,OVR
2017,2017,US,United States,BRFSS,Asthma,Current asthma prevalence among adults aged >= 18 years,,Age-adjusted Prevalence,9.4,9.4,*,50 States + DC: US Median,9.1,9.9,Overall,Overall,59,AST,AST1_1,AGEADJPREV,OVERALL,OVR
2017,2017,HI,Hawaii,NVSS,Asthma,Asthma mortality rate,,Crude Rate,16.8,16.8,,,10.8,25,Overall,Overall,15,AST,AST4_1,CRDRATE,OVERALL,OVR
2017,2017,TX,Texas,NVSS,Asthma,Asthma mortality rate,,Number,232,232,,,,,Overall,Overall,48,AST,AST4_1,NMBR,OVERALL,OVR
2017,2017,GA,Georgia,BRFSS,Asthma,Current asthma prevalence among adults aged >= 18 years,,Crude Prevalence,8.4,8.4,,,7.5,9.4,Overall,Overall,13,AST,AST1_1,CRDPREV,OVERALL,OVR
2017,2017,MO,Missouri,NVSS,Asthma,Asthma mortality rate,,Crude Rate,11.1,11.1,,,8.6,14.1,Overall,Overall,29,AST,AST4_1,CRDRATE,OVERALL,OVR
2017,2017,MD,Maryland,BRFSS,Asthma,Current asthma prevalence among adults aged >= 18 years,,Age-adjusted Prevalence,9.6,9.6,,,8.7,10.5,Overall,Overall,24,AST,AST1_1,AGEADJPREV,OVERALL,OVR
2017,2017,WV,West Virginia,NVSS,Asthma,Asthma mortality rate,,Crude Rate,13.2,13.2,,,8.5,19.7,Overall,Overall,54,AST,AST4_1,CRDRATE,OVERALL,OVR
2017,2017,OK,Oklahoma,BRFSS,Asthma,Current asthma prevalence among adults aged >= 18 years,,Age-adjusted Prevalence,9.7,9.7,,,8.8,10.7,Overall,Overall,40,AST,AST1_1,AGEADJPREV,OVERALL,OVR
2017,2017,AL,Alabama,BRFSS,Asthma,Current asthma prevalence among adults aged >= 18 years,,Age-adjusted Prevalence,10.9,10.9,,,9.8,12.1,Overall,Overall,1,AST,AST1_1,AGEADJPREV,OVERALL,OVR
2017,2017,WY,Wyoming,BRFSS,Asthma,Current asthma prevalence among adults aged >= 18 years,,Crude Prevalence,9.1,9.1,,,8.1,10.3,Overall,Overall,56,AST,AST1_1,CRDPREV,OVERALL,OVR
2017,2017,DC,District of Columbia,BRFSS,Asthma,Current asthma prevalence among adults aged >= 18 years,,Age-adjusted Prevalence,9.1,9.1,,,8,10.3,Overall,Overall,11,AST,AST1_1,AGEADJPREV,OVERALL,OVR
2017,2017,IA,Iowa,NVSS,Asthma,Asthma mortality rate,,Number,32,32,,,,,Overall,Overall,19,AST,AST4_1,NMBR,OVERALL,OVR
2017,2017,AR,Arkansas,NVSS,Asthma,Asthma mortality rate,,Age-adjusted Rate,9.4,9.4,,,6.4,13.5,Overall,Overall,5,AST,AST4_1,AGEADJRATE,OVERALL,OVR
2017,2017,US,United States,NVSS,Asthma,Asthma mortality rate,,Crude Rate,10.9,10.9,,,10.6,11.3,Overall,Overall,59,AST,AST4_1,CRDRATE,OVERALL,OVR
2017,2017,NJ,New Jersey,BRFSS,Asthma,Current asthma prevalence among adults aged >= 18 years,,Age-adjusted Prevalence,8.4,8.4,,,7.6,9.4,Overall,Overall,34,AST,AST1_1,AGEADJPREV,OVERALL,OVR
2017,2017,IA,Iowa,NVSS,Asthma,Asthma mortality rate,,Crude Rate,10.2,10.2,,,7,14.4,Overall,Overall,19,AST,AST4_1,CRDRATE,OVERALL,OVR
2017,2017,LA,Louisiana,NVSS,Asthma,Asthma mortality rate,,Crude Rate,8.3,8.3,,,5.9,11.4,Overall,Overall,22,AST,AST4_1,CRDRATE,OVERALL,OVR
2017,2017,ND,North Dakota,NVSS,Asthma,Asthma mortality rate,,Crude Rate,,,~,Data not shown because of too few respondents or cases,,,Overall,Overall,38,AST,AST4_1,CRDRATE,OVERALL,OVR
2017,2017,VT,Vermont,NVSS,Asthma,Asthma mortality rate,,Crude Rate,,,~,Data not shown because of too few respondents or cases,,,Overall,Overall,50,AST,AST4_1,CRDRATE,OVERALL,OVR
2017,2017,NM,New Mexico,BRFSS,Asthma,Current asthma prevalence among adults aged >= 18 years,,Age-adjusted Prevalence,10.6,10.6,,,9.5,11.8,Overall,Overall,35,AST,AST1_1,AGEADJPREV,OVERALL,OVR
2017,2017,KY,Kentucky,NVSS,Asthma,Asthma mortality rate,,Number,32,32,,,,,Overall,Overall,21,AST,AST4_1,NMBR,OVERALL,OVR
2017,2017,LA,Louisiana,BRFSS,Asthma,Current asthma prevalence among adults aged >= 18 years,,Age-adjusted Prevalence,9.0,9,,,7.9,10.2,Overall,Overall,22,AST,AST1_1,AGEADJPREV,OVERALL,OVR
2017,2017,ND,North Dakota,NVSS,Asthma,Asthma mortality rate,,Age-adjusted Rate,,,~,Data not shown because of too few respondents or cases,,,Overall,Overall,38,AST,AST4_1,AGEADJRATE,OVERALL,OVR
2017,2017,WY,Wyoming,NVSS,Asthma,Asthma mortality rate,,Age-adjusted Rate,,,~,Data not shown because of too few respondents or cases,,,Overall,Overall,56,AST,AST4_1,AGEADJRATE,OVERALL,OVR
2017,2017,TX,Texas,NVSS,Asthma,Asthma mortality rate,,Crude Rate,8.2,8.2,,,7.1,9.3,Overall,Overall,48,AST,AST4_1,CRDRATE,OVERALL,OVR
2017,2017,TN,Tennessee,NVSS,Asthma,Asthma mortality rate,,Number,72,72,,,,,Overall,Overall,47,AST,AST4_1,NMBR,OVERALL,OVR
2017,2017,MO,Missouri,NVSS,Asthma,Asthma mortality rate,,Number,68,68,,,,,Overall,Overall,29,AST,AST4_1,NMBR,OVERALL,OVR
2017,2017,DE,Delaware,NVSS,Asthma,Asthma mortality rate,,Age-adjusted Rate,,,~,Data not shown because of too few respondents or cases,,,Overall,Overall,10,AST,AST4_1,AGEADJRATE,OVERALL,OVR
2017,2017,TX,Texas,BRFSS,Asthma,Current asthma prevalence among adults aged >= 18 years,,Crude Prevalence,7.3,7.3,,,6.4,8.4,Overall,Overall,48,AST,AST1_1,CRDPREV,OVERALL,OVR
2017,2017,HI,Hawaii,BRFSS,Asthma,Current asthma prevalence among adults aged >= 18 years,,Crude Prevalence,9.8,9.8,,,8.9,10.8,Overall,Overall,15,AST,AST1_1,CRDPREV,OVERALL,OVR
2017,2017,WY,Wyoming,NVSS,Asthma,Asthma mortality rate,,Number,,,~,Data not shown because of too few respondents or cases,,,Overall,Overall,56,AST,AST4_1,NMBR,OVERALL,OVR
2017,2017,UT,Utah,NVSS,Asthma,Asthma mortality rate,,Age-adjusted Rate,11.5,11.5,,,7.7,16.4,Overall,Overall,49,AST,AST4_1,AGEADJRATE,OVERALL,OVR
2017,2017,GU,Guam,BRFSS,Asthma,Current asthma prevalence among adults aged >= 18 years,,Crude Prevalence,7.4,7.4,,,5.7,9.5,Overall,Overall,66,AST,AST1_1,CRDPREV,OVERALL,OVR
2017,2017,AR,Arkansas,BRFSS,Asthma,Current asthma prevalence among adults aged >= 18 years,,Crude Prevalence,9.6,9.6,,,8.3,11.2,Overall,Overall,5,AST,AST1_1,CRDPREV,OVERALL,OVR
2017,2017,CA,California,BRFSS,Asthma,Current asthma prevalence among adults aged >= 18 years,,Age-adjusted Prevalence,7.8,7.8,,,7.1,8.7,Overall,Overall,6,AST,AST1_1,AGEADJPREV,OVERALL,OVR
2017,2017,FL,Florida,NVSS,Asthma,Asthma mortality rate,,Number,179,179,,,,,Overall,Overall,12,AST,AST4_1,NMBR,OVERALL,OVR
2017,2017,ME,Maine,NVSS,Asthma,Asthma mortality rate,,Number,,,~,Data not shown because of too few respondents or cases,,,Overall,Overall,23,AST,AST4_1,NMBR,OVERALL,OVR
2017,2017,TN,Tennessee,BRFSS,Asthma,Current asthma prevalence among adults aged >= 18 years,,Crude Prevalence,10.0,10,,,8.9,11.2,Overall,Overall,47,AST,AST1_1,CRDPREV,OVERALL,OVR
2017,2017,NY,New York,BRFSS,Asthma,Current asthma prevalence among adults aged >= 18 years,,Age-adjusted Prevalence,9.1,9.1,,,8.4,9.8,Overall,Overall,36,AST,AST1_1,AGEADJPREV,OVERALL,OVR
2017,2017,SC,South Carolina,BRFSS,Asthma,Current asthma prevalence among adults aged >= 18 years,,Crude Prevalence,9.2,9.2,,,8.5,10,Overall,Overall,45,AST,AST1_1,CRDPREV,OVERALL,OVR
2017,2017,VT,Vermont,BRFSS,Asthma,Current asthma prevalence among adults aged >= 18 years,,Age-adjusted Prevalence,12.2,12.2,,,11,13.5,Overall,Overall,50,AST,AST1_1,AGEADJPREV,OVERALL,OVR
2017,2017,CO,Colorado,NVSS,Asthma,Asthma mortality rate,,Crude Rate,8.2,8.2,,,6,10.9,Overall,Overall,8,AST,AST4_1,CRDRATE,OVERALL,OVR
2017,2017,OR,Oregon,BRFSS,Asthma,Current asthma prevalence among adults aged >= 18 years,,Crude Prevalence,10.8,10.8,,,9.9,11.8,Overall,Overall,41,AST,AST1_1,CRDPREV,OVERALL,OVR
2017,2017,OH,Ohio,NVSS,Asthma,Asthma mortality rate,,Crude Rate,11.6,11.6,,,9.6,13.5,Overall,Overall,39,AST,AST4_1,CRDRATE,OVERALL,OVR
2017,2017,SC,South Carolina,NVSS,Asthma,Asthma mortality rate,,Number,69,69,,,,,Overall,Overall,45,AST,AST4_1,NMBR,OVERALL,OVR
2017,2017,DC,District of Columbia,NVSS,Asthma,Asthma mortality rate,,Age-adjusted Rate,,,~,Data not shown because of too few respondents or cases,,,Overall,Overall,11,AST,AST4_1,AGEADJRATE,OVERALL,OVR
2017,2017,NY,New York,BRFSS,Asthma,Current asthma prevalence among adults aged >= 18 years,,Crude Prevalence,9.2,9.2,,,8.5,9.9,Overall,Overall,36,AST,AST1_1,CRDPREV,OVERALL,OVR
2017,2017,IL,Illinois,NVSS,Asthma,Asthma mortality rate,,Number,149,149,,,,,Overall,Overall,17,AST,AST4_1,NMBR,OVERALL,OVR
2017,2017,NM,New Mexico,BRFSS,Asthma,Current asthma prevalence among adults aged >= 18 years,,Crude Prevalence,10.5,10.5,,,9.4,11.6,Overall,Overall,35,AST,AST1_1,CRDPREV,OVERALL,OVR
2017,2017,PR,Puerto Rico,BRFSS,Asthma,Current asthma prevalence among adults aged >= 18 years,,Crude Prevalence,12.1,12.1,,,10.9,13.5,Overall,Overall,72,AST,AST1_1,CRDPREV,OVERALL,OVR
2017,2017,CT,Connecticut,NVSS,Asthma,Asthma mortality rate,,Age-adjusted Rate,9.0,9,,,6.3,12.6,Overall,Overall,9,AST,AST4_1,AGEADJRATE,OVERALL,OVR
2017,2017,GU,Guam,BRFSS,Asthma,Current asthma prevalence among adults aged >= 18 years,,Age-adjusted Prevalence,7.6,7.6,,,5.9,9.7,Overall,Overall,66,AST,AST1_1,AGEADJPREV,OVERALL,OVR
2017,2017,KY,Kentucky,NVSS,Asthma,Asthma mortality rate,,Crude Rate,7.2,7.2,,,4.9,10.1,Overall,Overall,21,AST,AST4_1,CRDRATE,OVERALL,OVR
2017,2017,HI,Hawaii,NVSS,Asthma,Asthma mortality rate,,Age-adjusted Rate,13.4,13.4,,,8.4,20.3,Overall,Overall,15,AST,AST4_1,AGEADJRATE,OVERALL,OVR
2017,2017,NH,New Hampshire,NVSS,Asthma,Asthma mortality rate,,Number,,,~,Data not shown because of too few respondents or cases,,,Overall,Overall,33,AST,AST4_1,NMBR,OVERALL,OVR
2017,2017,OR,Oregon,BRFSS,Asthma,Current asthma prevalence among adults aged >= 18 years,,Age-adjusted Prevalence,10.8,10.8,,,9.8,11.9,Overall,Overall,41,AST,AST1_1,AGEADJPREV,OVERALL,OVR
2017,2017,RI,Rhode Island,NVSS,Asthma,Asthma mortality rate,,Age-adjusted Rate,,,~,Data not shown because of too few respondents or cases,,,Overall,Overall,44,AST,AST4_1,AGEADJRATE,OVERALL,OVR
2017,2017,PA,Pennsylvania,NVSS,Asthma,Asthma mortality rate,,Crude Rate,10.3,10.3,,,8.5,12.1,Overall,Overall,42,AST,AST4_1,CRDRATE,OVERALL,OVR
2017,2017,RI,Rhode Island,BRFSS,Asthma,Current asthma prevalence among adults aged >= 18 years,,Crude Prevalence,12.3,12.3,,,11,13.7,Overall,Overall,44,AST,AST1_1,CRDPREV,OVERALL,OVR
2017,2017,MN,Minnesota,NVSS,Asthma,Asthma mortality rate,,Number,55,55,,,,,Overall,Overall,27,AST,AST4_1,NMBR,OVERALL,OVR
2017,2017,MS,Mississippi,BRFSS,Asthma,Current asthma prevalence among adults aged >= 18 years,,Crude Prevalence,8.3,8.3,,,7.3,9.4,Overall,Overall,28,AST,AST1_1,CRDPREV,OVERALL,OVR
2017,2017,CT,Connecticut,BRFSS,Asthma,Current asthma prevalence among adults aged >= 18 years,,Crude Prevalence,10.7,10.7,,,9.9,11.5,Overall,Overall,9,AST,AST1_1,CRDPREV,OVERALL,OVR
2017,2017,AK,Alaska,NVSS,Asthma,Asthma mortality rate,,Age-adjusted Rate,,,~,Data not shown because of too few respondents or cases,,,Overall,Overall,2,AST,AST4_1,AGEADJRATE,OVERALL,OVR
2017,2017,DC,District of Columbia,NVSS,Asthma,Asthma mortality rate,,Crude Rate,,,~,Data not shown because of too few respondents or cases,,,Overall,Overall,11,AST,AST4_1,CRDRATE,OVERALL,OVR
2017,2017,VA,Virginia,NVSS,Asthma,Asthma mortality rate,,Crude Rate,8.4,8.4,,,6.5,10.6,Overall,Overall,51,AST,AST4_1,CRDRATE,OVERALL,OVR
2017,2017,MT,Montana,BRFSS,Asthma,Current asthma prevalence among adults aged >= 18 years,,Crude Prevalence,9.1,9.1,,,8.1,10.2,Overall,Overall,30,AST,AST1_1,CRDPREV,OVERALL,OVR
2017,2017,AK,Alaska,BRFSS,Asthma,Current asthma prevalence among adults aged >= 18 years,,Age-adjusted Prevalence,8.4,8.4,,,6.9,10.2,Overall,Overall,2,AST,AST1_1,AGEADJPREV,OVERALL,OVR
2017,2017,WY,Wyoming,NVSS,Asthma,Asthma mortality rate,,Crude Rate,,,~,Data not shown because of too few respondents or cases,,,Overall,Overall,56,AST,AST4_1,CRDRATE,OVERALL,OVR
2017,2017,VT,Vermont,NVSS,Asthma,Asthma mortality rate,,Age-adjusted Rate,,,~,Data not shown because of too few respondents or cases,,,Overall,Overall,50,AST,AST4_1,AGEADJRATE,OVERALL,OVR
2017,2017,IN,Indiana,NVSS,Asthma,Asthma mortality rate,,Age-adjusted Rate,11.0,11,,,8.7,13.8,Overall,Overall,18,AST,AST4_1,AGEADJRATE,OVERALL,OVR
2017,2017,OR,Oregon,NVSS,Asthma,Asthma mortality rate,,Crude Rate,15.7,15.7,,,12.1,20,Overall,Overall,41,AST,AST4_1,CRDRATE,OVERALL,OVR
2017,2017,NE,Nebraska,NVSS,Asthma,Asthma mortality rate,,Age-adjusted Rate,10.9,10.9,,,6.8,16.5,Overall,Overall,31,AST,AST4_1,AGEADJRATE,OVERALL,OVR
2017,2017,MS,Mississippi,NVSS,Asthma,Asthma mortality rate,,Age-adjusted Rate,14.3,14.3,,,10.4,19.1,Overall,Overall,28,AST,AST4_1,AGEADJRATE,OVERALL,OVR
2017,2017,MO,Missouri,NVSS,Asthma,Asthma mortality rate,,Age-adjusted Rate,10.1,10.1,,,7.8,12.9,Overall,Overall,29,AST,AST4_1,AGEADJRATE,OVERALL,OVR
2017,2017,AK,Alaska,NVSS,Asthma,Asthma mortality rate,,Crude Rate,,,~,Data not shown because of too few respondents or cases,,,Overall,Overall,2,AST,AST4_1,CRDRATE,OVERALL,OVR
2017,2017,ID,Idaho,NVSS,Asthma,Asthma mortality rate,,Crude Rate,15.7,15.7,,,10.4,22.9,Overall,Overall,16,AST,AST4_1,CRDRATE,OVERALL,OVR
2017,2017,MA,Massachusetts,BRFSS,Asthma,Current asthma prevalence among adults aged >= 18 years,,Crude Prevalence,11.4,11.4,,,10.2,12.9,Overall,Overall,25,AST,AST1_1,CRDPREV,OVERALL,OVR
2017,2017,NC,North Carolina,BRFSS,Asthma,Current asthma prevalence among adults aged >= 18 years,,Age-adjusted Prevalence,9.1,9.1,,,8.1,10.2,Overall,Overall,37,AST,AST1_1,AGEADJPREV,OVERALL,OVR
2017,2017,AZ,Arizona,BRFSS,Asthma,Current asthma prevalence among adults aged >= 18 years,,Crude Prevalence,9.8,9.8,,,9.2,10.5,Overall,Overall,4,AST,AST1_1,CRDPREV,OVERALL,OVR
2017,2017,CO,Colorado,NVSS,Asthma,Asthma mortality rate,,Age-adjusted Rate,7.7,7.7,,,5.6,10.4,Overall,Overall,8,AST,AST4_1,AGEADJRATE,OVERALL,OVR
2017,2017,TN,Tennessee,BRFSS,Asthma,Current asthma prevalence among adults aged >= 18 years,,Age-adjusted Prevalence,9.9,9.9,,,8.8,11.2,Overall,Overall,47,AST,AST1_1,AGEADJPREV,OVERALL,OVR
2017,2017,GA,Georgia,NVSS,Asthma,Asthma mortality rate,,Age-adjusted Rate,10.1,10.1,,,8.2,12,Overall,Overall,13,AST,AST4_1,AGEADJRATE,OVERALL,OVR
2017,2017,ID,Idaho,NVSS,Asthma,Asthma mortality rate,,Age-adjusted Rate,13.8,13.8,,,9,20.3,Overall,Overall,16,AST,AST4_1,AGEADJRATE,OVERALL,OVR
2017,2017,NJ,New Jersey,BRFSS,Asthma,Current asthma prevalence among adults aged >= 18 years,,Crude Prevalence,8.6,8.6,,,7.8,9.6,Overall,Overall,34,AST,AST1_1,CRDPREV,OVERALL,OVR
2017,2017,NC,North Carolina,NVSS,Asthma,Asthma mortality rate,,Age-adjusted Rate,10.9,10.9,,,8.9,13,Overall,Overall,37,AST,AST4_1,AGEADJRATE,OVERALL,OVR
2017,2017,MA,Massachusetts,NVSS,Asthma,Asthma mortality rate,,Age-adjusted Rate,8.9,8.9,,,6.9,11.3,Overall,Overall,25,AST,AST4_1,AGEADJRATE,OVERALL,OVR
2017,2017,DE,Delaware,BRFSS,Asthma,Current asthma prevalence among adults aged >= 18 years,,Crude Prevalence,10.6,10.6,,,9.3,12.1,Overall,Overall,10,AST,AST1_1,CRDPREV,OVERALL,OVR
2017,2017,OK,Oklahoma,NVSS,Asthma,Asthma mortality rate,,Age-adjusted Rate,13.4,13.4,,,10,17.6,Overall,Overall,40,AST,AST4_1,AGEADJRATE,OVERALL,OVR
2017,2017,NE,Nebraska,NVSS,Asthma,Asthma mortality rate,,Number,23,23,,,,,Overall,Overall,31,AST,AST4_1,NMBR,OVERALL,OVR
2017,2017,AZ,Arizona,NVSS,Asthma,Asthma mortality rate,,Crude Rate,13.1,13.1,,,10.6,16.1,Overall,Overall,4,AST,AST4_1,CRDRATE,OVERALL,OVR
2017,2017,IL,Illinois,BRFSS,Asthma,Current asthma prevalence among adults aged >= 18 years,,Crude Prevalence,8.2,8.2,,,7.3,9.2,Overall,Overall,17,AST,AST1_1,CRDPREV,OVERALL,OVR
2017,2017,MT,Montana,BRFSS,Asthma,Current asthma prevalence among adults aged >= 18 years,,Age-adjusted Prevalence,9.2,9.2,,,8.2,10.3,Overall,Overall,30,AST,AST1_1,AGEADJPREV,OVERALL,OVR
2017,2017,TN,Tennessee,NVSS,Asthma,Asthma mortality rate,,Age-adjusted Rate,10.2,10.2,,,8,12.9,Overall,Overall,47,AST,AST4_1,AGEADJRATE,OVERALL,OVR
2017,2017,WV,West Virginia,BRFSS,Asthma,Current asthma prevalence among adults aged >= 18 years,,Crude Prevalence,12.7,12.7,,,11.6,13.8,Overall,Overall,54,AST,AST1_1,CRDPREV,OVERALL,OVR
2017,2017,TX,Texas,BRFSS,Asthma,Current asthma prevalence among adults aged >= 18 years,,Age-adjusted Prevalence,7.2,7.2,,,6.3,8.2,Overall,Overall,48,AST,AST1_1,AGEADJPREV,OVERALL,OVR
2017,2017,AR,Arkansas,NVSS,Asthma,Asthma mortality rate,,Number,32,32,,,,,Overall,Overall,5,AST,AST4_1,NMBR,OVERALL,OVR
2017,2017,ND,North Dakota,BRFSS,Asthma,Current asthma prevalence among adults aged >= 18 years,,Crude Prevalence,8.6,8.6,,,7.7,9.6,Overall,Overall,38,AST,AST1_1,CRDPREV,OVERALL,OVR
2017,2017,KS,Kansas,NVSS,Asthma,Asthma mortality rate,,Number,43,43,,,,,Overall,Overall,20,AST,AST4_1,NMBR,OVERALL,OVR
2017,2017,MT,Montana,NVSS,Asthma,Asthma mortality rate,,Crude Rate,,,~,Data not shown because of too few respondents or cases,,,Overall,Overall,30,AST,AST4_1,CRDRATE,OVERALL,OVR
2017,2017,OH,Ohio,NVSS,Asthma,Asthma mortality rate,,Age-adjusted Rate,10.5,10.5,,,8.6,12.3,Overall,Overall,39,AST,AST4_1,AGEADJRATE,OVERALL,OVR
2017,2017,SD,South Dakota,NVSS,Asthma,Asthma mortality rate,,Age-adjusted Rate,,,~,Data not shown because of too few respondents or cases,,,Overall,Overall,46,AST,AST4_1,AGEADJRATE,OVERALL,OVR
2017,2017,NE,Nebraska,BRFSS,Asthma,Current asthma prevalence among adults aged >= 18 years,,Age-adjusted Prevalence,8.2,8.2,,,7.5,8.9,Overall,Overall,31,AST,AST1_1,AGEADJPREV,OVERALL,OVR
2017,2017,CT,Connecticut,BRFSS,Asthma,Current asthma prevalence among adults aged >= 18 years,,Age-adjusted Prevalence,10.9,10.9,,,10,11.8,Overall,Overall,9,AST,AST1_1,AGEADJPREV,OVERALL,OVR
2017,2017,MD,Maryland,BRFSS,Asthma,Current asthma prevalence among adults aged >= 18 years,,Crude Prevalence,9.4,9.4,,,8.6,10.3,Overall,Overall,24,AST,AST1_1,CRDPREV,OVERALL,OVR
2017,2017,WV,West Virginia,NVSS,Asthma,Asthma mortality rate,,Number,24,24,,,,,Overall,Overall,54,AST,AST4_1,NMBR,OVERALL,OVR
2017,2017,MA,Massachusetts,NVSS,Asthma,Asthma mortality rate,,Number,71,71,,,,,Overall,Overall,25,AST,AST4_1,NMBR,OVERALL,OVR
2017,2017,OH,Ohio,BRFSS,Asthma,Current asthma prevalence among adults aged >= 18 years,,Age-adjusted Prevalence,9.9,9.9,,,9,10.9,Overall,Overall,39,AST,AST1_1,AGEADJPREV,OVERALL,OVR
2017,2017,WI,Wisconsin,NVSS,Asthma,Asthma mortality rate,,Crude Rate,10.2,10.2,,,7.7,13.1,Overall,Overall,55,AST,AST4_1,CRDRATE,OVERALL,OVR
2017,2017,NV,Nevada,NVSS,Asthma,Asthma mortality rate,,Number,32,32,,,,,Overall,Overall,32,AST,AST4_1,NMBR,OVERALL,OVR
2017,2017,KS,Kansas,BRFSS,Asthma,Current asthma prevalence among adults aged >= 18 years,,Age-adjusted Prevalence,9.1,9.1,,,8.6,9.6,Overall,Overall,20,AST,AST1_1,AGEADJPREV,OVERALL,OVR
2017,2017,US,United States,NVSS,Asthma,Asthma mortality rate,,Age-adjusted Rate,9.9,9.9,,,9.5,10.2,Overall,Overall,59,AST,AST4_1,AGEADJRATE,OVERALL,OVR
2017,2017,GA,Georgia,BRFSS,Asthma,Current asthma prevalence among adults aged >= 18 years,,Age-adjusted Prevalence,8.4,8.4,,,7.5,9.4,Overall,Overall,13,AST,AST1_1,AGEADJPREV,OVERALL,OVR
2017,2017,DE,Delaware,BRFSS,Asthma,Current asthma prevalence among adults aged >= 18 years,,Age-adjusted Prevalence,10.5,10.5,,,9.1,12.1,Overall,Overall,10,AST,AST1_1,AGEADJPREV,OVERALL,OVR
2017,2017,OK,Oklahoma,NVSS,Asthma,Asthma mortality rate,,Crude Rate,13.7,13.7,,,10.3,17.9,Overall,Overall,40,AST,AST4_1,CRDRATE,OVERALL,OVR
2017,2017,KS,Kansas,NVSS,Asthma,Asthma mortality rate,,Age-adjusted Rate,12.2,12.2,,,8.8,16.6,Overall,Overall,20,AST,AST4_1,AGEADJRATE,OVERALL,OVR
2017,2017,CT,Connecticut,NVSS,Asthma,Asthma mortality rate,,Number,38,38,,,,,Overall,Overall,9,AST,AST4_1,NMBR,OVERALL,OVR
2017,2017,UT,Utah,BRFSS,Asthma,Current asthma prevalence among adults aged >= 18 years,,Age-adjusted Prevalence,8.8,8.8,,,8.1,9.5,Overall,Overall,49,AST,AST1_1,AGEADJPREV,OVERALL,OVR
2017,2017,WV,West Virginia,BRFSS,Asthma,Current asthma prevalence among adults aged >= 18 years,,Age-adjusted Prevalence,12.4,12.4,,,11.2,13.6,Overall,Overall,54,AST,AST1_1,AGEADJPREV,OVERALL,OVR
2017,2017,IA,Iowa,NVSS,Asthma,Asthma mortality rate,,Age-adjusted Rate,8.8,8.8,,,5.9,12.6,Overall,Overall,19,AST,AST4_1,AGEADJRATE,OVERALL,OVR
2017,2017,NC,North Carolina,BRFSS,Asthma,Current asthma prevalence among adults aged >= 18 years,,Crude Prevalence,9.2,9.2,,,8.2,10.3,Overall,Overall,37,AST,AST1_1,CRDPREV,OVERALL,OVR
2017,2017,LA,Louisiana,NVSS,Asthma,Asthma mortality rate,,Number,39,39,,,,,Overall,Overall,22,AST,AST4_1,NMBR,OVERALL,OVR
2017,2017,NH,New Hampshire,BRFSS,Asthma,Current asthma prevalence among adults aged >= 18 years,,Crude Prevalence,13.2,13.2,,,11.9,14.6,Overall,Overall,33,AST,AST1_1,CRDPREV,OVERALL,OVR
2017,2017,VT,Vermont,BRFSS,Asthma,Current asthma prevalence among adults aged >= 18 years,,Crude Prevalence,11.8,11.8,,,10.7,13,Overall,Overall,50,AST,AST1_1,CRDPREV,OVERALL,OVR
2017,2017,NH,New Hampshire,NVSS,Asthma,Asthma mortality rate,,Age-adjusted Rate,,,~,Data not shown because of too few respondents or cases,,,Overall,Overall,33,AST,AST4_1,AGEADJRATE,OVERALL,OVR
2017,2017,WI,Wisconsin,BRFSS,Asthma,Current asthma prevalence among adults aged >= 18 years,,Crude Prevalence,9.5,9.5,,,8.5,10.6,Overall,Overall,55,AST,AST1_1,CRDPREV,OVERALL,OVR
2017,2017,VI,Virgin Islands,BRFSS,Asthma,Current asthma prevalence among adults aged >= 18 years,,Crude Prevalence,,,-,No data available,,,Overall,Overall,78,AST,AST1_1,CRDPREV,OVERALL,OVR
2017,2017,IL,Illinois,NVSS,Asthma,Asthma mortality rate,,Age-adjusted Rate,10.9,10.9,,,9.1,12.7,Overall,Overall,17,AST,AST4_1,AGEADJRATE,OVERALL,OVR
2017,2017,NH,New Hampshire,NVSS,Asthma,Asthma mortality rate,,Crude Rate,,,~,Data not shown because of too few respondents or cases,,,Overall,Overall,33,AST,AST4_1,CRDRATE,OVERALL,OVR
2017,2017,VT,Vermont,NVSS,Asthma,Asthma mortality rate,,Number,,,~,Data not shown because of too few respondents or cases,,,Overall,Overall,50,AST,AST4_1,NMBR,OVERALL,OVR
2017,2017,OR,Oregon,NVSS,Asthma,Asthma mortality rate,,Number,65,65,,,,,Overall,Overall,41,AST,AST4_1,NMBR,OVERALL,OVR
2017,2017,WI,Wisconsin,NVSS,Asthma,Asthma mortality rate,,Age-adjusted Rate,8.7,8.7,,,6.6,11.4,Overall,Overall,55,AST,AST4_1,AGEADJRATE,OVERALL,OVR
2017,2017,UT,Utah,NVSS,Asthma,Asthma mortality rate,,Crude Rate,10.0,10,,,6.8,14.2,Overall,Overall,49,AST,AST4_1,CRDRATE,OVERALL,OVR
2017,2017,NE,Nebraska,NVSS,Asthma,Asthma mortality rate,,Crude Rate,12.0,12,,,7.6,18,Overall,Overall,31,AST,AST4_1,CRDRATE,OVERALL,OVR
2017,2017,MO,Missouri,BRFSS,Asthma,Current asthma prevalence among adults aged >= 18 years,,Age-adjusted Prevalence,9.4,9.4,,,8.4,10.4,Overall,Overall,29,AST,AST1_1,AGEADJPREV,OVERALL,OVR
2017,2017,KY,Kentucky,BRFSS,Asthma,Current asthma prevalence among adults aged >= 18 years,,Crude Prevalence,10.7,10.7,,,9.7,11.9,Overall,Overall,21,AST,AST1_1,CRDPREV,OVERALL,OVR
2017,2017,DC,District of Columbia,NVSS,Asthma,Asthma mortality rate,,Number,,,~,Data not shown because of too few respondents or cases,,,Overall,Overall,11,AST,AST4_1,NMBR,OVERALL,OVR
2017,2017,VI,Virgin Islands,BRFSS,Asthma,Current asthma prevalence among adults aged >= 18 years,,Age-adjusted Prevalence,,,-,No data available,,,Overall,Overall,78,AST,AST1_1,AGEADJPREV,OVERALL,OVR
2017,2017,GA,Georgia,NVSS,Asthma,Asthma mortality rate,,Number,108,108,,,,,Overall,Overall,13,AST,AST4_1,NMBR,OVERALL,OVR
2017,2017,PA,Pennsylvania,BRFSS,Asthma,Current asthma prevalence among adults aged >= 18 years,,Age-adjusted Prevalence,10.6,10.6,,,9.5,11.8,Overall,Overall,42,AST,AST1_1,AGEADJPREV,OVERALL,OVR
2017,2017,UT,Utah,BRFSS,Asthma,Current asthma prevalence among adults aged >= 18 years,,Crude Prevalence,8.9,8.9,,,8.2,9.6,Overall,Overall,49,AST,AST1_1,CRDPREV,OVERALL,OVR
2017,2017,MD,Maryland,NVSS,Asthma,Asthma mortality rate,,Age-adjusted Rate,10.0,10,,,7.7,12.7,Overall,Overall,24,AST,AST4_1,AGEADJRATE,OVERALL,OVR
2017,2017,ME,Maine,NVSS,Asthma,Asthma mortality rate,,Crude Rate,,,~,Data not shown because of too few respondents or cases,,,Overall,Overall,23,AST,AST4_1,CRDRATE,OVERALL,OVR
2017,2017,AZ,Arizona,NVSS,Asthma,Asthma mortality rate,,Number,92,92,,,,,Overall,Overall,4,AST,AST4_1,NMBR,OVERALL,OVR
2017,2017,DC,District of Columbia,BRFSS,Asthma,Current asthma prevalence among adults aged >= 18 years,,Crude Prevalence,9.4,9.4,,,8.2,10.7,Overall,Overall,11,AST,AST1_1,CRDPREV,OVERALL,OVR
2017,2017,MN,Minnesota,NVSS,Asthma,Asthma mortality rate,,Crude Rate,9.9,9.9,,,7.4,12.8,Overall,Overall,27,AST,AST4_1,CRDRATE,OVERALL,OVR
2017,2017,KY,Kentucky,NVSS,Asthma,Asthma mortality rate,,Age-adjusted Rate,6.6,6.6,,,4.5,9.5,Overall,Overall,21,AST,AST4_1,AGEADJRATE,OVERALL,OVR
2017,2017,CA,California,NVSS,Asthma,Asthma mortality rate,,Crude Rate,10.1,10.1,,,9.1,11.1,Overall,Overall,6,AST,AST4_1,CRDRATE,OVERALL,OVR
2017,2017,HI,Hawaii,BRFSS,Asthma,Current asthma prevalence among adults aged >= 18 years,,Age-adjusted Prevalence,9.9,9.9,,,9,11,Overall,Overall,15,AST,AST1_1,AGEADJPREV,OVERALL,OVR
2017,2017,IN,Indiana,NVSS,Asthma,Asthma mortality rate,,Crude Rate,11.7,11.7,,,9.2,14.6,Overall,Overall,18,AST,AST4_1,CRDRATE,OVERALL,OVR
2017,2017,MA,Massachusetts,BRFSS,Asthma,Current asthma prevalence among adults aged >= 18 years,,Age-adjusted Prevalence,11.4,11.4,,,10.1,12.8,Overall,Overall,25,AST,AST1_1,AGEADJPREV,OVERALL,OVR
2017,2017,SC,South Carolina,NVSS,Asthma,Asthma mortality rate,,Age-adjusted Rate,12.4,12.4,,,9.6,15.8,Overall,Overall,45,AST,AST4_1,AGEADJRATE,OVERALL,OVR
2017,2017,OR,Oregon,NVSS,Asthma,Asthma mortality rate,,Age-adjusted Rate,12.8,12.8,,,9.9,16.5,Overall,Overall,41,AST,AST4_1,AGEADJRATE,OVERALL,OVR
2017,2017,SD,South Dakota,NVSS,Asthma,Asthma mortality rate,,Number,,,~,Data not shown because of too few respondents or cases,,,Overall,Overall,46,AST,AST4_1,NMBR,OVERALL,OVR